labels,examples,where_at
“interest,"1437762, (137249), 1300513",2016_97
excess of revenues over expenditures .,"695306, 1749856, 2445162",2009_95
excess of revenues over expenditures and,,2004_31
expenditu. 2s,,1997_27
rent,"700001, 700001",2006_14
reimbursed revenue,"770500, 770500",2021_105
expenditures over revenues and,,2001_30
expenditures over revenues and other financing sources,(255226701),2008_14
expenditures/expenses: .,,2007_46
property taxes,"94519209, 10370985, 104890194",2006_14
property tax-,"661753, (149535), 512218",2011_146
property tax §,"530008, 478378",1999_22
property tax s,"256051, 249490",1997_20
financing uses over revenues —,"(10544401), 10544401",2014_106
financing uses:,,2014_127
fund baiance/net position:,,2012_30
"excess of revenues over expenditures ,","6088776, 3496747, 9585523",2007_86
fund bailance/net assets:,,2008_108
excess of revenues over expeditures,"2143551, (420773), 1722778",2012_45
revenue,,2001_88
econamic development projects,"16864, 16864",2006_41
economic deveiopment projects,"786292, 786292",2007_8
revenues:.,,2004_29
revenues: -,,2015_134
end of year :,"5298363, 939303, 6237666",2015_143
operating transfers in (note'2),"750000, 750000",2015_166
end of year —,"13903065, 1554217, 15457282",2016_13
revenues over expenditures and,,2006_14
revenues and other financing sources over expenditures,567954,2008_154
revenues and other financing sources over,,2001_13
excess of expenditures over revenues .,"(1669669), 346203, (1323466)",2014_166
excess of expenditures over revenues:,"(4006943), 1900302, (2106641)",2014_97
revenues and other financing,,2001_73
revenues and expenditures,195929,1997_39
revenue and other financing sources,,2001_88
excess of revenues of expenditures,"4984188, 3494129, 8478317",2021_88
surpius distribution (note 2),"(1349000), (1349000)",2012_65
fund bailance/net position:,,2016_131
principal retirement — -,"430000, (430000)",2014_86
interest s$,27136,1997_37
other financing sources- -,,2008_154
lnterest,"971, 971",2011_137
low income households. (q)(1,,2009_120
low income households. dw),,2008_154
other financial sources (uses),,1997_44
operating transfers out (note 2},"(761500), (761500)",2015_69
miscellaneous revenue (note 5),"9950798, 9950798",2020_37
miscelleneous revenue,"200, 200",2010_108
operating transfers out (note 2).,"(4276201), (4276201)",2016_89
operating transfers out (note 2) -,"(379339), (379339)",2009_76
of existing buildings. (q)g),32025054,2008_14
of revenues and other financing,,2009_34
"ona balance, beginning of year","923177, 745780",1998_8
operating transfers in (note,"379156, 379156",2008_146
other financing sources/uses:,,2002_15
principat retirement,"1585000, (1585000)",2015_77
interest income (ioss),"(807), (807)",2016_78
interest 7,"23218, 23218",2012_116
fund balance/nei assets:,,2012_91
fund balance/nei position:,,2016_119
principal retirement .,"695000, (695000)",2011_28
"principal retirement ,","835000, (835000)",2013_95
fund balance/net assets: a,,2007_3
fund balance/net assets: ee,,2007_121
fund balance/net assets:.,,2005_54
over revenues,"(236704), 236704",2002_27
fund balance/net position (deficiency): .,,2014_71
other financing uses: .,,2012_48
"fund balance/net position: ,",,2014_163
hl,,1998_11
incurred on approved redevelopment projects. (q)(1 1)(a-e),,2008_154
’ operating transfers out (note 2),"(1101912), (1101912)",2010_54
other financing uses — operating,,2006_14
other financing sources”,,1998_37
deficiency of revenues over expenditures,"(48363269), (29378670)",2001_14
end of year _,"6486917, 2304132, 8191049",2006_77
operating transfers in (note 2) :,"1500000, 1500000",2009_154
- total revenues,"16643978, (3542227), 13101751",2016_59
-principal retirement,"570000, (570000)",2011_42
total revenues :,"614680, 103501, 718181",2005_57
"beginning of year, as restated (note 7)","41464850, (14535973), 26928877",2011_95
transfers out (note 4),"(6459266), (6459266)",2006_14
wey,,1998_11
"beginning of year, as restated (note 2}","3210883, 387472, 3598355",2012_149
—,,2016_84
’ fund balance/net assets:,,2005_96
beginning of year 7. -,"27966, 284843, 282809",2016_178
beginning of year 7,"2380372, 746619, 3126994",2007_96
. expenditures/expenses:,,2007_113
2,,2013_32
‘revenues:,,2009_16
beginning of year .,"7333151, 2042889, 9376040",2007_76
"beginning of year ,","2658377, 256255, 2914632",2014_4
3),,2008_146
debt,,2005_73
beginngin of year,"5774821, 4043, 5778864",2013_161
‘ected,,1998_31
and other financings uses,"211355, (211355)",2012_138
‘expenditures/expenses:,,2009_38
‘interest,"6071, 6071",2013_66
_expenditures/expenses:,,2009_109
_end of year,"3567009, 924104, 4491113",2010_57
7 capital projects,"3559322, 2633155",1998_31
’ excess of expenditures over revenues,"(116947), 116947",2014_148
_ . interest,"2269, 2269",2009_79
beginning of year -,"7367669, 1708032, 9075701",2010_13
capital projects (note 2),"407722, 613952",1997_47
total revenues -,"6365530, (1391541), 4973989",2012_85
"capital projects ,","68630491, 281503, 68911994",2004_14
! over revenues and other financing sources,"(13965242), 13965242",2013_32
"""",,2015_36
',,2016_79
"' fund balance, end of year","2110738, 923177",1998_8
(c15),,2008_14
(interest,"72361, 72361",2008_110
(q(1.5),,2007_14
toial revenues,"(2027), 197(1830)",2015_152
tota! expenditures/expenses,"16029964, (8400000), 7629964",2012_31
(under) expenditures,"363599, (153809)",2001_13
tota! other financing sources (uses),"3510000, 3510000",2012_29
- property tax,"551939, 526844, 1078783",2007_139
"total expenditures/expenses ,","8095452, (115423), 7980029",2009_146
: excess of revenues over expenditures,,2013_95
change in net assets.,"223690, 223690",2003_41
total expenditures/expenses-,"1065302, (235000), 830302",2006_27
-,,2014_75
change innetassets,"390837, 390837",2009_21
"change in net position ,","(3921631), (3921631)",2014_37
- change in net assets,"588431, 588431",2008_79
total reven es,107399747,2008_14
- fund balance/net position:,,2015_154
", revenues over expenditures","187561, 177397",1998_8
change in net assets —,"6181131, 6181131",2007_85
- excess of expenditures and other:,,2016_82
change in net assets .,"2716280, 2716280",2006_60
interest income (joss),"(16958), (16958) | (8591), (8591)","2016_70, 2016_129"
operating transfers in,2900000 | 470000,"2008_14, 2008_154"
),,"2004_10, 2005_115"
4,,"1998_11, 2013_94"
(q)(11.5),,"2007_50, 2008_154"
fund batance/net position:,,"2015_45, 2016_174"
interest .,"131750, 131750 | 27283, 27283","2012_42, 2015_60"
7,,"2007_79, 2013_71"
operating transfers out (note 5),"(5514401), (5514401) | (4021043), (4021043)","2010_95, 2011_95"
surplus distribution (note2),"(231048), (231048) | (22491), (22491)","2021_130, 2015_143"
_ end of year,"4847917, 4847917 | 558270","2013_44, 2015_57"
tax liability distribution (note 2},"(37016), (37016) | (91835), (91835)","2012_154, 2012_169"
tax liability distribution (note 3),"(1830166), (1830166) | (638192), (638192)","2011_130, 2012_147"
economic development,"19578, 19578 | 1049012, 1049012","2007_39, 2008_107"
economic development projecis,"3270459, 3270459 | 2318874, 2318874","2015_69, 2016_63"
sales taxes,,"2007_14, 2008_14"
economic projects,"844775, 844775 | 2215721, 2215721","2011_8, 2012_70"
end of year .,"144973, 200000, 344973 | 400837, 221919, 622756","2006_120, 2015_102"
totai other financing uses,"(2183206), (2183206) | (667327), (667327)","2012_98, 2012_123"
excess expenditures and other,,"2012_124, 2019_42"
payment to refunded bond escrow agent,"(94960136) | (2810965), 2810965","2001_14, 2002_15"
total other financing sources (uses) - net,"11632948, 11632948 | (3300000), (3300000)","2021_23, 2018_36"
revenue over (under) expenditures,"(1383501), 154819 | 370832, (99342)","1998_9, 2001_88"
revenues over (under) expenditures and,,"1997_20, 1998_20"
beginning of year :,"1052199, 690348, 1742547 | 24575181, (26938474), (2363293)","2007_10, 2014_87"
"fund balance, end of year $","257168, 1797517 | 236162","1998_1, 2008_14"
total revenues .,"1902620, (295367), 1607253 | 12943809, 3404521, 16348330","2004_44, 2007_86"
fund balance (deficit)/net assets:,,"2002_19, 2003_19"
‘economic development projects,"10106, 10106 | 1698800, 1698800","2006_6, 2015_4"
property tax :,"166006, (16152), 149854 | 390241, 16877, 407118","2008_2, 2014_4"
excess revenues and other financing,,"2013_124, 2014_124"
financing uses over revenue,"(2659111), 2659111 | (98547), 98547","2012_131, 2014_50"
property taxes $,112141079 | 103053804,"2007_14, 2008_14"
change in net assets (deficit),"(25099816), (25099816) | (44154), (44154)","2002_14, 2004_14"
debi service:,,"2008_115, 2015_23, 2016_71"
surplus distrubution (note 2),"(27000), (27000) | (33880), (33880) | (45210), (45210)","2020_99, 2014_67, 2014_82"
interest on investments,"9739224, 9739224 | 9504398 | 3733147","2006_14, 2007_14, 2008_14"
other,1459 | 22767,"2001_18, 2001_44, 2014_127"
",",,"2009_18, 2010_166, 2016_122"
low income households. (q)(11)(f),,"2007_14, 2007_50, 2008_14"
revenues under expenditures,"(7902908), (1048632) | (24989), (1540349) | (26579208), (7902908)","1998_37, 1999_1, 1999_37"
other financing sources (uses),,"1997_42, 1997_36, 1997_45"
rental income,"229001, 229001 | 136736, 136736 | 43808, 43808","2002_14, 2004_14, 2005_14"
change in nei position,"(1218906), (1218906) | 1756061, 1756061 | 303194, 303194","2015_4, 2015_36, 2015_90"
property tax s$,"686342, 710619 | 389121 | 1657797, 1479416","1997_15, 1997_26, 1997_45"
property tax .,"179018, 4574, 183592 | 295526, 523143, 818669 | 671860, 163766, 835626","2002_82, 2003_118, 2006_107"
surplus distribution (note 2},"(1528000), (1528000) | (1710000), (1710000) | (1665253), (1665253) | (82548), (82548)","2012_38, 2012_48, 2015_109, 2015_156"
incurred on approved redevelopment projects. (q)(11)(a-e),,"2007_14, 2007_50, 2008_14, 2009_120"
financing sources over expenditures,"1930312, (1930312) | 577921, (577921) | 15072, (15072) | 61160, (61160)","2003_63, 2003_67, 2020_144, 2011_172"
of existing buildings. (q)(3),6752384,"2007_14, 2007_50, 2008_154, 2009_120"
misecellaneous revenue,"136270, 136270 | 134106, 134106 | 134609, 134609 | 135112, 135112","2020_71, 2017_71, 2018_71, 2019_71"
excess of revenues and other,,"2003_63, 2003_67, 2020_144, 2011_172"
miscellaneous income,"637625, 637625 | 2500, 2500 | 426481, 426481 | 220000, 220000","2002_14, 2002_30, 2004_14, 2005_14"
miscellaneous,"29231, 29231 | 4619764, 4619764 | 4250030 | 106369","2020_91, 2006_14, 2007_14, 2008_14"
fund balance/net assets (deficit):,,"2002_14, 2004_14, 2005_14, 2006_14"
investment income,"8371801, 8407178 | 2456549, 2456549 | 2550007, 2550007 | 5428064, 5428064","2001_14, 2002_14, 2004_14, 2005_14"
over (under) expenditures and other,,"1997_36, 1997_45, 1997_44, 2001_14, 2002_14"
"costs of rehabilitation, reconstruction, repair or remodeling and",,"2007_14, 2007_50, 2008_14, 2008_154, 2009_120"
costs of reimbursing private developers for interest expenses,,"2007_14, 2007_50, 2008_14, 2008_154, 2009_120"
payments in lieu of taxes. (q)(9),,"2007_14, 2007_50, 2008_14, 2008_154, 2009_120"
"costs of studies, admin., and professional services. (q)(1)",2618948 | 2829 | 2322359 | 1406,"2007_14, 2007_50, 2008_14, 2008_154, 2009_120"
ecomonic development projects,"119659, 119659 | 1647697, 1647697 | 84393, 84393 | 114440, 114440 | 1146009, 1146009","2005_32, 2005_36, 2005_58, 2005_67, 2005_106"
site improvement costs. (q)(2),9073119,"2007_14, 2007_50, 2008_14, 2008_154, 2009_120"
"property assembly, demolition, site preparation and environmental",,"2007_14, 2007_50, 2008_14, 2008_154, 2009_120"
proceeds of debt (note 3),"14503517, (14503517) | 3489957, (3489957) | 49797777, (49797777) | 30373738, (30373738) | 74257108, (74257108)","2020_88, 2020_146, 2007_75, 2007_95, 2007_115"
"costs of job training, retraining advanced vocational or career",,"2007_14, 2007_50, 2008_14, 2008_154, 2009_120"
excess of revenue and other financing,,"2007_144, 2007_146, 2010_172, 2013_50, 2019_164"
fund baiance/net assets:,,"2008_39, 2008_102, 2008_135, 2012_32, 2012_96"
relocation costs. (q)(8),,"2007_14, 2007_50, 2008_14, 2008_154, 2009_120"
financing uses,"528386, 1515971 | 9162886, (351051) | 1575101, (627816) | (54363269), 97976785 | (54513743), 54513743","1997_36, 1997_45, 1997_44, 2001_14, 2002_14"
education provided by other taxing bodies. (q)(10),“,"2007_14, 2007_50, 2008_14, 2008_154, 2009_120"
costs of construction of public works and improvements. (q)(4),12967502 | 152724071,"2007_14, 2007_50, 2008_14, 2008_154, 2009_120"
expenditures:,,"2001_14, 2002_14, 2004_14, 2005_14, 2006_14"
over (under) expenditures,"(1540349), 1797517 | (24079208), 2597092 | (1459413), 4534852 | (45075), 857269 | (66792), 210925","1998_1, 1999_37, 2001_23, 2001_57, 2001_61"
:,,"2004_56, 2005_88, 2007_75, 2009_71, 2013_101"
approved capital costs of overlapping taxing districts. (q)(7),,"2007_14, 2007_50, 2008_14, 2008_154, 2009_120"
marketing costs. (q)(1.6),,"2007_14, 2007_50, 2008_14, 2008_154, 2009_120"
financing costs. (q)(6),73212614 | 168521124,"2007_14, 2007_50, 2008_14, 2008_154, 2009_120"
cost of day care services and operational costs of day care centers.,,"2007_14, 2007_50, 2008_14, 2008_154, 2009_120"
cost of job training and retraining. (q)(5),831656 | 860721,"2007_14, 2007_50, 2008_14, 2008_154, 2009_120"
by tif assisted housing projects (q)(7.5),,"2007_14, 2007_50, 2008_14, 2008_154, 2009_120"
cost of reimbursing school district for their increase costs caused,,"2007_14, 2007_50, 2008_14, 2008_154, 2009_120"
tota! revenues,"2495775, (44874), 2450901 | 1513159, 415145, 1928304 | 1128606, (6223), 1122383 | 534678, 15106, 549784 | 10619099, 1402740, 12021839","2005_48, 2006_43, 2012_28, 2015_24, 2015_53"
costs of construction of new housing units for low income and very,,"2007_14, 2007_50, 2008_14, 2008_154, 2009_120"
other revenue,"57272, 57272 | 137537, 137537 | 987111, 987111 | 72623, 72623 | 355618, 355618","2020_4, 2020_76, 2020_118, 2019_166, 2019_169"
interest expense,"15094172, 6072654 | 12426080, 4373146, 16799226 | 8613546, 9319882, 17933428 | 10143129, 9691021, 19834150 | 14441880, (4977292), 9464588","2001_14, 2002_14, 2004_14, 2005_14, 2006_14"
tax liability distribution (note 2),"(76395), (76395) | (124084), (124084) | (196585), (196585) | (153595), (153595) | (159471), (159411) | (83060), (83060)","2009_7, 2012_152, 2012_160, 2012_165, 2013_163, 2013_166"
bond issuance costs,"249311 | 30225, 243665 | 646322 | 1155140 | 4969533 | 428121","1997_42, 1997_36, 1999_28, 1999_30, 2001_14, 2001_23"
other financing uses,"9577504, (9577504) | 18440989, (18440989)","1997_20, 1998_20, 2001_41, 2004_31, 2006_14, 2012_24, 2012_57"
liquor tax,"147198, 147198 | 67799, 67799 | 49371, 49371 | 233572, 233572 | 168046, 168046 | 150892, 150892 | 20267, 20267","2002_18, 2003_18, 2004_18, 2005_18, 2007_18, 2008_18, 2009_18"
"beginning of year, as restated (note 4)","3588000, 1127411, 4715411 | 32578230, 852079, 33430309 | 9568912, (24212877), (14643965) | (52391), 30282, (22109) | 9000524, 9000524 | 1482249, (280000), 1202249 | 113025, 80043, 193068","2012_29, 2012_147, 2012_146, 2012_154, 2013_92, 2013_144, 2013_166"
_,,"1998_11, 2004_123, 2005_25, 2006_44, 2008_10, 2009_10, 2009_156"
surplus distribution (note 4),"(16445000), (16445000) | (607000), (607000) | (1623019), (1623019) | (1000000), (1000000) | (1933000), (1933000) | (307100), (307100) | (1209000), (1209000) | (6830200), (6830200)","2020_53, 2020_87, 2021_88, 2011_95, 2016_53, 2017_23, 2017_53, 2018_53"
property tax $,"37570 | 356739, 348657 | 2348743, 2033967 | 29682, 1194 | 234671, 154712 | 357821, 377038 | 239, 38362 | 13120","1997_13, 1997_41, 1997_44, 1998_1, 1998_9, 2001_9, 2001_73, 2007_50"
excess of expenditures over revenue,"(298350), 50000, (248350) | (1694), 1694 | (19997895), (19997895) | (1705), 1705 | (6146), 6146 | (1834833), (1122802), (2957635) | (185194), (185194) | (1047), (1047) | (5145), 5145","2007_144, 2010_7, 2010_172, 2011_7, 2012_50, 2012_121, 2013_50, 2014_50, 2014_135"
"beginning of year, as restated (note 3)","2974886, 600000, 3574886 | 2210271, 303678, 2573949 | 731437, 42370, 773807 | 1803990, 74968, 1878958 | 1676641, 172845, 1849486 | 823676, 131774, 955450 | 894933, 894933 | 14638952, 1833127, 16472079 | 2194305, 2609, 2196914","2005_92, 2012_134, 2012_148, 2012_152, 2012_153, 2012_165, 2012_169, 2013_103, 2013_155"
excess of revenue over expenditures,"6466, (6466) | 198948, (198948) | 4021, (4021) | 9902, (4577), 325 | 46, (46) | 168502, (93147), 75355","2020_112, 2020_118, 2006_7, 2006_124, 2007_7, 2007_146, 2008_7, 2012_160, 2019_112, 2019_118"
,"579781, 1503240 | 3964, 3964 | 9011, 9011 | 1985428, 1985428 | 58428, 58428 | 92080, 92080 | 143453 | 69703, 69703 | ° | ee | ea | 7","1997_28, 2004_93, 2006_19, 2006_53, 2006_74, 2006_75, 2006_85, 2006_98, 2008_38, 2008_42, 2008_123, 2016_90"
expenditures over revenues,"1040219 | (34049) | 1048632 | (10312114), (351051) | 11481282), (627816) | 70625, 49228 | 1459413, 12265148 | 1379509, 23908771 | 500149, 587881 | 66792, 439075 | 1197512 | (44920743), 29413927, (15506816) | (39483627), 39483627 | (258126701)","1997_13, 1997_32, 1997_37, 1997_45, 1997_44, 2001_18, 2001_23, 2001_30, 2001_44, 2001_61, 2001_86, 2002_14, 2004_14, 2008_14"
"beginning of year, as restated (note 2)","467232, 423173, 890405 | 175482, 25000, 200482 | 433131, 433131 | 396727, 274100, 670827 | 2235961, 2235961 | 964086, 3114, 967200 | 5456009, 1185753, 6641762 | 332648, 114903, 447551 | 1402047, 19909, 1421956 | 63265, “, 63265 | 101579, 101579 | 1240597, 15340, 1255937 | 721537, 339, 721876 | 460644, 460644","2004_66, 2004_78, 2004_7, 2012_135, 2012_157, 2012_163, 2012_161, 2012_166, 2012_167, 2012_172, 2012_171, 2013_151, 2013_160, 2013_164"
total other financing sources (uses),"30000 | 1435000 | 19475000 | 13056383 | (6000000), 127355455 | 53413856, (49797777), 3616079 | 27553904, (30373738), (2819834) | 1671349, 1671349 | (2453356), (2453356) | 5885000, 5885000 | 25658519, (26658519), (4000000) | 1465000, 1465000 | 535381, 535381 | 2581238, 2581238 | 4516256, 4516256","1997_42, 1997_36, 1997_45, 1997_44, 2001_14, 2007_75, 2007_95, 2008_75, 2009_30, 2010_37, 2010_87, 2012_61, 2012_111, 2012_121, 2012_154"
for the year ended,,"2004_3, 2006_5, 2006_10, 2006_26, 2006_43, 2006_41, 2006_74, 2006_134, 2006_129, 2008_18, 2008_82, 2008_145, 2013_94, 2014_119, 2014_167"
revenue:,,"2006_7, 2006_124, 2007_7, 2007_144, 2007_146, 2008_7, 2009_7, 2010_7, 2010_69, 2010_172, 2011_7, 2012_50, 2013_50, 2014_50, 2014_135"
excess of expenditures and other financing,,"2002_36, 2002_42, 2003_32, 2004_29, 2004_34, 2004_37, 2005_37, 2008_29, 2008_37, 2008_89, 2008_95, 2008_109, 2010_63, 2010_103, 2010_121, 2010_147"
uses over revenues,"(6137514), 6137514 | (1220956), 1220956 | (3015344), 3015344 | (121748), 121748 | (483951), 483951 | (2294752), 2294752 | (1585259), 1585259 | (666168), 666168 | (6378230), 6378230 | (1178852), 1178852 | (9912671), 9912671 | (1063553), 1063553 | (984533), 984533 | (2171734), 2171734 | (594756), 594756 | (4088290), 4088290","2002_36, 2002_42, 2003_32, 2004_29, 2004_34, 2004_37, 2005_37, 2008_29, 2008_37, 2008_89, 2008_95, 2008_109, 2010_63, 2010_103, 2010_121, 2010_147"
.,,"1998_3, 2006_125, 2006_121, 2006_131, 2007_98, 2009_1, 2009_87, 2009_97, 2010_30, 2010_75, 2010_118, 2012_88, 2014_45, 2014_93, 2014_160, 2016_86, 2016_94"
rental revenue,"45675 | 4000, 4000 | 6625, 6625 | 191275, 191275 | 63014, 63014 | 79625, 79625 | 6000, 6000 | 82125, 82125 | 1500, 1500 | 6000, 6000 | 1875, 1875 | 173735, 173735 | 1125, 1125 | 44681, 44681 | 1875, 1875 | 1500, 1500 | 1125, 1125","2001_14, 2002_45, 2003_31, 2004_31, 2002_31, 2005_31, 2006_31, 2007_31, 2008_31, 2008_104, 2009_31, 2009_87, 2010_31, 2010_87, 2011_31, 2012_31, 2013_31"
sale of land,"12680000, 12680000 | 5980000, 5980000 | 3318947, 3318947 | 150000, 150000 | 4846946 | 506427 | 1756557, 1756557 | 380000, 380000 | 33709, 33709 | 26886, 26886 | 833239, 833239 | 41640, 41640 | 2629408, 2629408 | 563394, 563394 | 4482881, 4482881 | {, 1 | 300, 300","2005_14, 2005_31, 2006_14, 2006_31, 2007_14, 2008_14, 2009_104, 2010_69, 2010_87, 2010_104, 2011_53, 2011_104, 2012_37, 2012_86, 2013_31, 2013_60, 2015_60"
revenues over (under) expenditures,"203794, (1479854) | (1540349), 53899 | 322501, (295212) | (358799), 281025 | 146031, (3851280) | 59021, (10965517) | (15987077), 60721 | (3413904), 532678 | 486873, (24989) | (1893), 6316 | 19485(1893) | 103316, (399292) | (2398774), 574909 | (45075), 67269 | 61482, (349085) | (92800), 37784","1997_28, 1998_1, 1998_31, 1999_16, 1999_27, 1999_28, 1999_30, 1999_45, 2000_1, 2000_2, 2001_2, 2001_13, 2001_41, 2001_45, 2001_57, 2001_65, 2001_73"
over expenditures,"1797517 | 2119338 | 23209374 | 727544 | 1216499, 154819 | 2597092, 23209374 | 146031, 516357 | 59021, 1329986 | 39012923, 607217 | 199366 | 1663821, 469824 | 61482, 915 | 6197512 | 1270832, 658 | 132655, (132655) | 2131688, (2131688) | 8033527, (8033527) | 617446, (617446)","1997_1, 1997_13, 1997_37, 1997_43, 1998_9, 1998_37, 1999_27, 1999_28, 1999_30, 1999_59, 2001_54, 2001_65, 2001_86, 2001_88, 2002_13, 2002_83, 2003_86, 2003_116"
total other financing sources,"3159557 | 2600000 | 4367637 | 32000000 | 7203268, (3489957), 3713311 | 3396998, (750000), 2646998 | 71147251, (64765895), 6381356 | 7677963, (6421600), 1256363 | 32712101, (29841980), 2870121 | 39744343, (32332846), 7411497 | 33135775, (30477273), 2658502 | 80053325, (74257108), 5796217 | 8291395, (6953032), 1338363 | 32106992, (31570434), 536558 | 12082726, (9622396), 2460330 | 64787871, (55394566), 9393305 | 21134156, (19970981), 1163175 | 20652816, (18816215), 1836601","1997_13, 1998_9, 1999_27, 1999_30, 2020_146, 2005_115, 2007_60, 2007_71, 2007_77, 2007_86, 2007_97, 2007_115, 2007_146, 2010_71, 2010_97, 2010_115, 2010_117, 2010_146"
operating transfers out (note 4),"(6000000), (18000000) | (9593000), (9593000) | (983720), (983720) | (3803554), (3803554) | (575000), (575000) | (2027639), (2027639) | (1946989) | (8504376), (8504376) | (1000000), (1000000) | (6623760), (6623760) | (17940520), (17940520) | (2737988), (2737988) | (553381), (553381) | (2037341), (2037341) | (3517723), (3517723) | (1731), (1731) | (288000), (288000) | (2090000), (2090000) | (3493570), (3493570)","2001_14, 2002_14, 2007_75, 2007_95, 2008_75, 2008_95, 2009_95, 2010_32, 2010_87, 2011_32, 2012_32, 2012_95, 2012_125, 2016_75, 2016_95, 2017_71, 2017_75, 2017_77, 2017_95"
surplus distribution (note 3),"(9000000), (9000000) | (48000000), (48000000) | (2000000), (2000000) | (13000000), (13000000) | (2000000), (2000000) | (2358000), (2358000) | (3231000), (3231000) | (668000), (668000) | (21539000), (21539000) | (1083000), (1083000) | (843000), (843000) | (415000), (415000) | (666000), (666000) | (21000), (21000) | (961000), (961000} | (229000), (229000) | (626000), (626000) | (102000), (102000) | (54390), (54390) | (1030100), (1030100)","2011_30, 2011_31, 2011_36, 2011_32, 2011_87, 2012_32, 2012_30, 2012_23, 2012_31, 2012_36, 2012_53, 2012_87, 2012_88, 2012_114, 2012_95, 2012_125, 2013_30, 2014_36, 2014_23, 2018_23"
other financing sources,,"1997_1, 1997_13, 1997_37, 1997_43, 1998_1, 1998_9, 1999_27, 1999_28, 1999_30, 1999_37, 1999_59, 2001_13, 2001_23, 2001_30, 2001_54, 2001_57, 2001_61, 2001_65, 2001_73, 2001_86, 2001_88, 2002_87, 2021_110, 2008_14"
total other financing uses - net,"(3996000), (3996000) | (1913311), (1913311) | (14603551), (14603551) | (1130289), (1130289) | (2487753), (2487753) | (999498), (999498) | (1481682), (1481682) | (3752430), (3752430) | (2996933), (2996933) | (1267612), (1267612) | (3978671), (3978671) | (1258651), (1258651) | (1971107), (1971107) | (1243570), (1243570) | (366000), (366000) | (100000), (100000) | (56700000), (56700000) | (1921800), (1921800) | (10616666), (10616666) | (3838600), (3838600) | (5586378), (5586378) | (7000000), (7000000) | (7424800), (7424800) | (200000), (200000) | (48386200), (48386200)","2020_58, 2020_76, 2013_32, 2013_76, 2014_37, 2014_76, 2015_117, 2016_64, 2016_95, 2016_127, 2017_64, 2017_77, 2017_81, 2017_95, 2017_103, 2018_61, 2018_63, 2018_83, 2018_84, 2018_85, 2018_95, 2019_37, 2019_63, 2019_142, 2019_147"
revenues and other financing sources,,"1997_42, 1997_1, 1997_13, 1997_36, 1997_37, 1997_45, 1997_43, 1997_44, 1998_1, 1998_9, 1998_37, 1999_27, 1999_28, 1999_30, 1999_37, 1999_59, 2001_14, 2001_23, 2001_54, 2001_57, 2001_61, 2001_65, 2001_86, 2002_14, 2002_83"
proceeds of debt (note 2),"49520000, (49520000) | 750000, (750000) | 750000, (750000) | 750000, (750000) | 750000, (750000) | 500000, (500000) | 64765895, (64765895) | 6421600, (6421600) | 29841980, (29841980) | 32332846, (32332846) | 9110482, (9110482) | 41800294, (41800294) | 30477273, (30477273) | 873905, (873905) | 1000000, (1000000) | 500000, (500000) | 1000000, (1000000) | 6953032, (6953032) | 500000, (500000) | 31570434, (31570434) | 26658519, (26658519) | 9622396, (9622396) | 55394566, (55394566) | 19970981, (19970981) | 18816215, (18816215)","2004_53, 2004_106, 2004_115, 2005_106, 2005_115, 2006_107, 2007_60, 2007_71, 2007_77, 2007_86, 2007_87, 2007_88, 2007_97, 2007_114, 2007_125, 2007_134, 2007_144, 2007_146, 2008_107, 2010_71, 2010_87, 2010_97, 2010_115, 2010_117, 2010_146"
proceeds of debt,"5530000 | 1800000 | 7035000 | 29000000 | 14800009 | 2600000 | 4367637 | 12295503 | 25000000 | 240315591 | 16800000 | 1000000 | 790000 | 650000 | 350000 | 500000 | 900000, 100000 | 17906858, (17906858) | 1000000, (1000000) | 700000, (700000) | 1200000, (1200000) | 4900000, (4900000) | 865000, (865000) | 805000, (805000) | 3000000, (3000000) | 1150000, (1150000)","1997_42, 1997_13, 1997_36, 1997_45, 1997_44, 1998_9, 1999_27, 1999_28, 1999_30, 2001_14, 2001_23, 2001_54, 2001_57, 2001_61, 2001_65, 2001_73, 2001_88, 2002_15, 2002_84, 2002_87, 2002_93, 2002_95, 2003_75, 2003_81, 2003_85, 2003_108"
over revenues and other financing sources,"(349482), 349482 | (1279050), 1279050 | (125281), 125281 | (23112860), 23112860 | (1751854), 1751854 | (1307590), 1307590 | (4204410), 4204410 | (370256), 370256 | (523919), 523919 | (1027750), 1027750 | (4162750), 4162750 | (2076834), 2076834 | (490959), 490959 | (13227), 13227 | (32924179), 32924179 | (2946808), 2946808 | (585311), 585311 | (1890067), 1890067 | (4172161), 4172161 | (932400), 932400 | (1869589), 1869589 | (1329381), 1329381 | (587297), 587297 | (1538150), 1538150 | (2828092), 2828092 | (56253), 56253 | (2099430), 2099430 | (5099448), 5099448 | (32965509), 32965509 | (1312665), 1312665 | (4144329), 4144329 | (8494513), 8494513 | (840713), 840713 | (111486), 111486","2020_13, 2020_58, 2021_13, 2008_75, 2012_61, 2012_111, 2013_29, 2013_76, 2013_77, 2013_125, 2014_37, 2014_23, 2014_59, 2013_166, 2014_72, 2014_76, 2014_75, 2015_75, 2015_117, 2015_131, 2016_75, 2016_95, 2016_127, 2017_10, 2017_71, 2017_76, 2017_77, 2018_36, 2018_63, 2018_83, 2018_84, 2018_95, 2019_143, 2022_113"
excess of expenditures and other financing uses,,"2002_27, 2020_13, 2020_58, 2021_13, 2008_75, 2012_61, 2012_111, 2013_29, 2013_32, 2013_76, 2013_77, 2013_125, 2014_37, 2014_23, 2014_59, 2013_166, 2014_72, 2014_76, 2014_75, 2015_75, 2015_117, 2015_131, 2016_75, 2016_95, 2016_127, 2017_10, 2017_71, 2017_76, 2017_77, 2018_36, 2018_63, 2018_83, 2018_84, 2018_95, 2019_143, 2022_113"
total other financing sources - net,"23008031, 23008031 | 41123861, 41123861 | 12570031, 12570031 | 27727956, 27727956 | 12165091, 12165091 | 4300000, 4300000 | 17782639, 17782639 | 1874000, 1874000 | 5805000, 5805000 | 199998, 199998 | 1250002, 1250002 | 9578551, 9578551 | 596620, 596620 | 9945610, 9945610 | 25000000, 25000000 | 8016940, 8016940 | 19787753, 19787753 | 3097196, 3097196 | 7968000, 7968000 | 3292589, 3292589 | 938441, 938441 | 1677509, 1677509 | 2086126, 2086126 | 2456441, 2456441 | 2000000, 2000000 | 366000, 366000 | 2273900, 2273900 | 2057961, 2057961 | 149079, 149079 | 4204816, 4204816 | 965740, 965740 | 14776000, 14776000 | 36000, 36000 | 2628000, 2628000 | 250000, 250000 | 8435789, 8435789 | 369745, 369745","2020_13, 2020_109, 2020_110, 2020_157, 2021_13, 2021_95, 2021_109, 2013_30, 2013_29, 2013_77, 2013_84, 2013_86, 2013_125, 2014_23, 2014_59, 2013_166, 2014_72, 2014_75, 2014_147, 2015_75, 2015_131, 2015_143, 2016_69, 2016_75, 2016_103, 2017_10, 2017_61, 2017_71, 2017_76, 2017_75, 2018_92, 2019_33, 2019_75, 2019_74, 2019_143, 2022_109, 2022_113"
sales tax,"210303, 254397 | 138118, 176531 | 365791, 345347 | 339059, 364705 | 133002, 138118 | 344511, 365791 | 930881, 267309 | 319739, 344511 | 1557574, 1300777 | 304412, 304979 | 111187, 111187 | 1736731, 1736731 | 315140, 315140 | 211415, 211415 | 1896542, 1896542 | 93036, 93036 | 327708, 327708 | 163308, 163308 | 1944124, 1944124 | 100027, 100027 | 322976, 322976 | 25547, 25547 | 2008836, 2008836 | 92914, 92914 | 347371, 347371 | 2117759, 2117759 | 76494, 76494 | 335559, 335559 | 1930356, 1930356 | 4916, 4916 | 312130, 312130 | 1669064, 1669064 | 84165, 84165 | 1404740, 1404740 | 1409309, 1409309","1997_15, 1997_20, 1997_41, 1997_47, 1998_20, 1998_41, 1999_15, 1999_41, 2001_15, 2001_41, 2002_20, 2002_15, 2002_41, 2002_47, 2003_15, 2003_20, 2003_41, 2003_47, 2004_15, 2004_20, 2004_41, 2004_47, 2005_15, 2005_20, 2005_41, 2006_15, 2006_20, 2006_41, 2007_15, 2007_20, 2007_41, 2007_50, 2008_15, 2008_41, 2008_154, 2009_15, 2009_120, 2010_15"
debt service,,"1997_42, 1997_15, 1997_13, 1997_28, 1997_36, 1997_41, 1997_45, 1997_44, 1998_9, 1998_16, 1998_31, 1998_41, 1999_15, 1999_16, 1999_27, 1999_28, 1999_30, 1999_36, 1999_41, 1999_45, 2001_9, 2001_13, 2001_15, 2001_18, 2001_23, 2001_27, 2001_30, 2001_36, 2001_41, 2001_42, 2001_45, 2001_44, 2001_54, 2001_57, 2001_58, 2001_61, 2001_65, 2001_73"
total expenditures/expenses,"351991, (150000), 201991 | 408973, (120000), 288973 | 4554100, (1142505), 3411595 | 311071, (150000), 161071 | 2029802, 2029802 | 994256, (345000), 649256 | 442279, (130000), 312279 | 11531763, (3830000), 7701763 | 4401160, (400000), 4001160 | 3965306, (825000), 3140306 | 768876, (255000), 513876 | 304798, (180000), 124798 | 570097, (170000), 400097 | 1920284, (800000), 1120284 | 2094752, (900000), 1194752 | 340084, (75000), 265084 | 229298, (70000), 159298 | 234333, (110000), 124333 | 348041, (253143), 94898 | 9117520, (4433303), 4684217 | 13613324, (11140854), 2472470 | 8644480, (7405249), 1239231 | 18758792, (18373295), 385497 | 406816, (130974), 275842 | 3133588, (2845946), 287642 | 16692783, (14994686), 1698097 | 5210650, (4462361), 748289 | 144055, (41631), 102424 | 9583673, (9443574), 140099 | 362032, (88966), 273066 | 9913511, (4673303), 5240208 | 2109279, (845000), 1264279 | 1859167, (570000), 1289167 | 4471509, (3715879), 755630 | 1058459, (215000), 843459 | 2594473, (1205000), 1389473 | 2585005, (315000), 2270005 | 1606994, (1103326), 503668 | 153178, (79176), 74002 | 172046, (69481), 102565 | 297739, (105860), 191879","2003_9, 2003_13, 2003_15, 2003_18, 2003_23, 2003_28, 2003_27, 2003_31, 2003_30, 2003_32, 2003_36, 2003_41, 2003_42, 2003_44, 2003_45, 2003_54, 2003_57, 2003_58, 2003_65, 2020_53, 2020_71, 2020_87, 2020_88, 2003_69, 2020_97, 2020_115, 2020_117, 2003_73, 2020_146, 2003_75, 2021_53, 2021_71, 2021_87, 2021_88, 2021_97, 2021_115, 2021_117, 2021_146, 2003_81, 2003_84, 2003_87"
operating transfers in (note 2),"1743618 | 24258006 | 525000 | 1743618 | 10500000, 24258006 | 2500000, 10500000 | 183333 | 5000000 | 2000000, 2000000 | 1000000, 1000000 | 2500000, 2900000 | 3600000, 3600000 | 1800000, 1800000 | 441840, 441840 | 4500000, 4500000 | 41699685, 41699685 | 20473465, 20473465 | 2870497, 2870497 | 500000, 500000 | 288609, 288609 | 2500000, 2900000 | 115500, 115500 | 800000, 800000 | 1796120, 1796120 | 1100000, 1100000 | 100000, 100000 | 2450000, 2450000 | 8231438, 8231438 | 5100000, 5100000 | 6580417 | 1979212, 1979212 | 3000000, 3000000 | 13368424, 13368424 | 800000, 800000 | 5770000, 5770000 | 2240135, 2240135 | 4512000, 4512000 | 61312074, 61312074 | 51075247, 51075247 | 5000000, 5000000 | 400000, 400000","1997_1, 1997_37, 1997_43, 1998_1, 1998_37, 1999_37, 1999_59, 2001_86, 2002_83, 2003_63, 2020_57, 2020_61, 2020_76, 2003_67, 2020_79, 2020_109, 2020_110, 2020_134, 2020_143, 2020_144, 2020_149, 2020_161, 2020_163, 2020_166, 2020_177, 2020_183, 2020_184, 2021_64, 2021_95, 2021_110, 2021_134, 2021_156, 2021_157, 2021_161, 2021_163, 2021_166, 2021_182, 2021_183, 2021_184, 2003_86, 2003_116"
other financing sources:,,"2002_13, 2002_83, 2002_84, 2002_93, 2002_95, 2003_13, 2003_36, 2003_45, 2003_63, 2020_57, 2020_61, 2020_71, 2003_67, 2020_79, 2020_88, 2020_97, 2020_115, 2020_134, 2020_143, 2020_144, 2020_146, 2020_149, 2020_161, 2020_163, 2020_166, 2020_177, 2020_183, 2020_184, 2003_75, 2021_64, 2021_97, 2021_115, 2021_134, 2021_146, 2021_156, 2021_157, 2021_161, 2021_163, 2021_166, 2003_81, 2021_182"
interest income (loss),"(15417), (15417) | (3410), (3410) | (37072), (37072) | (1073286), (1073286) | (187894), (187894) | (76373), (76373) | (15582), (15582) | (30651), (30651) | (1145), (1145) | (2622), (2622) | (38375), (38375) | (31895), (31895) | (198228), (198228) | (109270), (109270) | (625), (625) | (33272), (33272) | (133063), (133063) | (32638), (32638) | (16735), (16735) | (114841), (114841) | (34322), (34322) | (2915), (2915) | (2879), (2879) | (6442), (6442) | (2018), (2018) | (8112), (8112) | (2439), (2439) | (12547), (12547) | (3623), (3623) | (1246), (1246) | (11242), (11242) | (278), (278) | (2161), (2161) | (402), (402) | (600), (600) | (72100), (72100) | (369), (369) | (941), (941) | (48), (48) | (460), (460) | (17672), (17672)","2021_9, 2021_24, 2021_29, 2021_30, 2021_34, 2021_37, 2021_53, 2021_58, 2021_66, 2021_67, 2021_68, 2021_70, 2021_72, 2021_85, 2021_86, 2021_91, 2021_94, 2021_96, 2021_100, 2021_104, 2021_110, 2021_113, 2021_119, 2021_123, 2021_124, 2021_129, 2021_130, 2021_133, 2021_140, 2021_144, 2021_150, 2021_151, 2021_164, 2021_166, 2021_171, 2021_172, 2021_174, 2021_175, 2021_177, 2021_182, 2021_183"
operating transfers out (note 3),"(5500000) | (5600000) | (525000) | (1743617) | (2256419) | (87839), (87839) | (7712540), (7712540) | (1180350), (1180350) | (5000000), (5000000) | (481259), (481259) | (100000), (100000) | (1000000), (1000000) | (2450000), (2450000) | (144304), (144304) | (10660335), (10660335) | (2500000), (2500000) | (2900000), (2900000) | (1745000), (1745000) | (5770000), (5770000) | (29600000), (29600000) | (51075247), (51075247) | (10136857), (10136857) | (575824), (575824) | (400000), (400000) | (4175883), (4175883) | (348762), (348762) | (182892), (182892) | (1793647), (1793647) | (1000000), (1000000) | (1560733), (1560733) | (598857), (598857) | (1939267), (1939267) | (90000), (90000) | (1421365), (1421365) | (304927), (304927) | (1108149), (1108149) | (229659), oe, (229659) | (3315000), (3315000) | (246730), (246730) | (250000), (250000) | (250000), (250000)","1997_42, 1997_36, 1997_45, 1997_44, 2001_41, 2002_27, 2002_36, 2002_42, 2003_32, 2003_44, 2020_23, 2020_27, 2020_37, 2020_38, 2020_52, 2020_58, 2020_84, 2020_98, 2021_1, 2021_34, 2021_37, 2021_52, 2021_109, 2003_88, 2004_31, 2004_44, 2004_87, 2005_16, 2005_30, 2005_31, 2005_44, 2005_54, 2005_58, 2004_32, 2005_69, 2005_95, 2006_23, 2006_31, 2006_44, 2006_84, 2006_85"
operating transfers out (note 2),"(1359557) | (297093), (1359557 | (880000), (880000) | (288000), (288000) | (760000), (760000) | (277486), (277486) | (175000), (175000) | (27998), (27998) | (270986), (270986) | (5300000), (5300000) | (500000), (500000) | (1500000), (1500000) | (6000000), (6000000) | (144305), (144305) | (3713311), (3713311) | (2500000), (2500000) | (115500), (115500) | (575824), (575824) | (7903434), (7903434) | (296120), (296120) | (3600000), (3600000) | (62000), (62000) | (110169265), (110169265) | (52712074), (52712074) | (11231488), (11231488) | (2000000), (2000000) | (3076677), (3076677) | (800000), (800000) | (1656159), (1656159) | (4512000), (4512000) | (240135), (240135) | (55000027), (65000027) | (1000000), (1000000) | (379717), (379717) | (390000), (390000) | (739324), (739324) | (391607), (391607) | (4930000), (4930000) | (1104281), (1104281) | (642076), (642076) | (392008), (392008)","1997_20, 1998_20, 2002_3, 2002_5, 2002_19, 2002_20, 2002_25, 2002_100, 2003_20, 2020_1, 2020_5, 2020_54, 2020_64, 2020_75, 2020_76, 2020_89, 2020_95, 2020_109, 2020_110, 2020_113, 2020_118, 2020_172, 2020_180, 2021_33, 2021_35, 2021_54, 2021_76, 2021_95, 2021_98, 2021_103, 2021_113, 2021_180, 2003_101, 2004_20, 2004_29, 2004_34, 2004_33, 2004_37, 2004_52, 2004_63, 2004_94"
and other financing sources,"(2156709), 2156709 | (1708849), 1708849 | (1616401), 1616401 | (14464), 14464 | (2389994), 2389994 | (423982), 423982 | (176434), 176434 | (230379), 230379 | (7284945), 7284945 | (892366), 892366 | (5753081), 5753081 | (11590030), 11590030 | (6294174), 6294174 | (5141268), 5141268 | (226364), 226364 | (31621961), 31621961 | (8948511), 8948511 | (8778023), 8778023 | (10163663), 10163663 | (101924), 101924 | (24593933), 24593933 | (3070408), 3070408 | (6890876), 6890876 | (118065), 118065 | (37374), 37374 | (24692925), 24692925 | (16583031), 16583031 | (7963752), 7963752 | (4851975), 4851975 | (7089428), 7089428 | (11368676), 11368676 | (177040), 177040 | (883579), 883579 | (7152390), 7152390 | (4040566), 4040566 | (102363), 102363 | (2088051), 2088051 | (416030), 416030 | (1673206), 1673206 | (69123), 69123 | (16875), 16875","2020_71, 2020_146, 2020_163, 2020_177, 2021_110, 2004_45, 2004_72, 2006_57, 2007_45, 2008_60, 2008_71, 2008_86, 2008_97, 2008_115, 2009_27, 2009_60, 2009_75, 2009_77, 2009_86, 2009_87, 2009_97, 2009_115, 2009_146, 2009_154, 2010_27, 2010_60, 2010_77, 2011_60, 2011_77, 2011_115, 2011_117, 2011_146, 2011_154, 2012_86, 2013_97, 2013_111, 2013_117, 2013_144, 2013_115, 2013_146, 2013_154"
and other financing uses,"(1847572), 347888 | 16167, (16167) | 62223, (62223) | 38441, (38441) | 45675, (45675) | 41533(41533) | 115547, (115547) | 3865497, (3865497) | 411092, (411092) | 1670638, (1670638) | 2187728, (2187728) | 45338072, (45338072) | 16935, (16935) | 32686038, (32686038) | 3461686, (3461686) | 54203, (54203) | 2735949, (2735949) | 1708233, (1708233) | 770211, (770211) | 1406249, (1406249) | 3026544, (3026544) | 6972038, (6972038) | 4594766, (4594766) | 395845, (395845) | 9464214, (9464214) | 370524, (370524) | 761940, (761940) | 2797091, (2797091) | 1214218, (1214218) | 1238089, (1238089) | 8442838, (8442838) | 259837, (259837) | 1992350, (1992350) | 1813717, (1813717) | 2994668, (2994668) | 606615, (606615) | 16310858, (16310858) | 1190154, (1190154) | 284304, (284304) | 3140065, (3140065) | 1680659, (1680659)","2001_41, 2002_5, 2002_20, 2002_25, 2002_100, 2003_20, 2003_44, 2020_1, 2020_4, 2020_38, 2020_48, 2020_52, 2020_54, 2020_63, 2020_64, 2020_67, 2020_75, 2020_77, 2020_82, 2020_83, 2020_84, 2020_85, 2020_87, 2020_89, 2020_95, 2020_98, 2020_99, 2020_104, 2020_112, 2020_116, 2020_118, 2020_119, 2020_121, 2020_136, 2020_147, 2020_153, 2020_172, 2020_173, 2021_24, 2021_38, 2021_45"
other financing sources (uses):,,"2001_14, 2002_14, 2020_13, 2020_58, 2020_76, 2020_109, 2020_110, 2020_157, 2021_13, 2021_23, 2021_95, 2021_109, 2007_75, 2007_95, 2008_75, 2009_30, 2010_37, 2010_87, 2012_29, 2012_61, 2012_111, 2012_121, 2012_154, 2013_30, 2013_29, 2013_32, 2013_76, 2013_77, 2013_84, 2013_86, 2013_125, 2014_37, 2014_23, 2014_59, 2013_166, 2014_72, 2014_76, 2014_75, 2014_147, 2015_75, 2015_117"
total other financing uses,"(9283000), (9283000) | (1010000), (1010000) | (16998000), (16998000) | (2640304), (2640304) | (6513000), (6513000) | (1812000), (1812000) | (58017425), (58017425) | (13048800), (13048800) | (19623760), (19623760) | (4500000), (4500000) | (5021043), (5021043) | (4978124), (4978124) | (2300000), (2300000) | (6450000), (6450000) | (21000000), (21000000) | (20298520), (20298520) | (4517064), (4517064) | (5003144), (5003144) | (1934866), (1934866) | (4010000), (4010000) | (3641404), (3641404) | (2496869), (2496869) | (2079709), (2079709) | (2286900), (2286900) | (3359759), (3359759) | (1022920), (1022920) | (3453240), (3453240) | (3698988), (3698988) | (782381), (782381) | (9870272), (9870272) | (1749546), (1749546) | (797192), (797192) | (3383000), (3383000) | (2211362), (2211362) | (556950), (556950) | (13166160), (13166160) | (2611900), (2611900) | (1294098), (1294098) | (3336890), (3336890) | (14095900), (14095900) | (2184336), (2184336)","2020_23, 2020_27, 2020_37, 2020_38, 2020_84, 2020_98, 2021_37, 2021_52, 2011_32, 2011_58, 2011_95, 2011_98, 2011_103, 2011_118, 2011_147, 2012_32, 2012_43, 2012_52, 2012_54, 2012_59, 2012_64, 2012_65, 2012_69, 2012_76, 2012_81, 2012_89, 2012_84, 2012_95, 2012_125, 2012_118, 2012_127, 2012_147, 2013_34, 2013_38, 2014_13, 2014_34, 2014_38, 2014_40, 2014_92, 2014_104, 2015_38"
beginning of year,"1170976, 452634, 1623610 | 798407, 111513, 909920 | 719209, 533353, 1252562 | 102130, 140729, 242859 | 563745, 199919, 763664 | 119085, 114579, 233664 | 1136618, 788707, 1925325 | 298231, 49442, 347673 | 1333915, (1164814), 169101 | 406868, 160868, 567736 | 1681626, (2041693), (360067) | 184293093, (236217121), (51924028) | 377929, (1509732), (1131803) | 129208, 777450 | 106840, 299278, 406118 | 1164711, 270397, 1435108 | 1291156, 582897, 1874053 | 4071964, (15235675), (11163711) | 1583272, 461084, 2044356 | 781665, 541859, 1323524 | 2505541, 708433, 3213974 | 947070, (3933549), (2986479) | 2004105, (10426393), (8422288) | 752582, 234972, 987554 | 885570, 220392, 1105962 | 15331860, (51207967), (35876107) | 18025818, (6178863), 11846955 | 10304591, (1424078), 8880513 | 3581348, 1664472, 5245820 | 134873, 97997, 232870 | 7676371, (4705665), 2970706 | 6946739, 3283105, 10229844 | 249342, 495556, 744898 | 1279958, 957000, 2236958 | 2005246, 493800, 2499046 | 2420919, (614656), 1806263 | 2323335, (4599658), (2276323) | 3076311, 930205, 4006516 | 8559969, (10861427), (2301458) | 15144287, (16773995), (1629708) | 237689, 100318, 338007","2002_1, 2002_3, 2002_5, 2002_4, 2002_6, 2002_2, 2002_8, 2002_7, 2002_13, 2002_11, 2002_9, 2002_14, 2002_18, 2002_19, 2002_17, 2002_20, 2002_22, 2002_23, 2002_21, 2002_24, 2002_26, 2002_27, 2002_28, 2002_25, 2002_29, 2002_30, 2002_32, 2002_15, 2002_33, 2002_35, 2002_36, 2002_37, 2002_38, 2002_39, 2002_40, 2002_41, 2002_42, 2002_43, 2002_44, 2002_45, 2002_46"
change in net assets,"396069, 396069 | (808778), (808778) | (164186), (164186) | 51758, 51758 | (409914), (409914) | (34838), (34838) | 43567, 43567 | 15755, 15755 | 293107, 293107 | 627577, 627577 | 178213, 178213 | 147899, 147899 | (660470), (660470) | 168909, 168909 | 11826, 11826 | 567621, 567621 | 414796, 414796 | 618333, 618333 | 697978, 697978 | 2600701, 2600701 | 79808, 79808 | 303594, 303594 | 16469, 16469 | 222346, 222346 | 1353883, 1353883 | 4980595, 4980595 | 2252388, 2252388 | 942419, 942419 | 82906, 82906 | (5537938), (5537938) | 3215813, 3215813 | (145667), (145667) | (419856), (419856) | 424590, 424590 | 425863, 425863 | (961673), (961673) | 740019, 740019 | 813172, 813172 | (784973), (784973) | 81897, 81897 | 497294, 497294","2002_1, 2002_3, 2002_5, 2002_4, 2002_6, 2002_2, 2002_8, 2002_7, 2002_13, 2002_11, 2002_9, 2002_18, 2002_19, 2002_17, 2002_20, 2002_22, 2002_23, 2002_21, 2002_24, 2002_26, 2002_27, 2002_28, 2002_25, 2002_29, 2002_30, 2002_32, 2002_15, 2002_33, 2002_35, 2002_36, 2002_37, 2002_38, 2002_39, 2002_40, 2002_41, 2002_42, 2002_43, 2002_44, 2002_45, 2002_46, 2002_47"
total revenues,"793102, 621240 | 88130 | 37960 | 101511 | 336 | 191151 | 164595 | 1070672, 1139372 | 656 | 97591 | 74437 | 475252, 470532 | 118213 | 176050 | 496954 | 444785 | 12404 | 199493 | 783575, 23386 | 1063111 | 1089772, 372146 | 165847 | 202529 | 834629, 802995 | 2519004, 1993496 | 918 | 602327, 617656 | 218196 | 2643023, 2315842 | 102341, 88130 | 96039, 37960 | 17244, 3361 | 202461, 191151 | 318469, 164595 | 47606 | 1226627, 1097983 | 114331, 97591 | 442763, 475252 | 178055, 176050 | 6032962, 4453624 | 171237, 202529","1997_42, 1997_1, 1997_2, 1997_3, 1997_4, 1997_8, 1997_9, 1997_15, 1997_17, 1997_19, 1997_13, 1997_20, 1997_23, 1997_25, 1997_22, 1997_26, 1997_27, 1997_29, 1997_28, 1997_32, 1997_36, 1997_40, 1997_39, 1997_41, 1997_45, 1997_46, 1997_47, 1997_43, 1997_44, 1998_1, 1998_2, 1998_4, 1998_8, 1998_9, 1998_11, 1998_16, 1998_19, 1998_20, 1998_25, 1998_31, 1998_39"
capital projects,"22816 | 34231 | 2250 | 3227 | 10 | 13754 | 9776 | 146549, 6457 | 21 | 3110 | 1051236 | 10612, 2295 | 3854 | 5482 | 14203 | 13210 | 405 | 65333 | 94781, 1503240 | 1097160 | 40298 | 1319995 | 73758 | 6600 | 20364, 17206 | 1744496, 928797 | 30 | 15652 | 521906, 1768908 | 1642690, 34231 | 39241, 1250 | 577, 107 | 14900, 13754 | 1516980, 9776 | 1599 | 303348, 382913 | 9498, 3110 | 18076, 10612 | 5453, 5482 | 8850692, 1319999 | 5472, 6600","1997_42, 1997_1, 1997_2, 1997_3, 1997_4, 1997_8, 1997_9, 1997_15, 1997_17, 1997_19, 1997_13, 1997_20, 1997_23, 1997_25, 1997_22, 1997_26, 1997_27, 1997_29, 1997_28, 1997_32, 1997_36, 1997_37, 1997_40, 1997_39, 1997_41, 1997_45, 1997_46, 1997_43, 1997_44, 1998_1, 1998_2, 1998_4, 1998_8, 1998_9, 1998_11, 1998_16, 1998_19, 1998_20, 1998_25, 1998_37, 1998_39"
miscellaneous revenue,"40504 | 98, 98 | 187187, 187187 | 293673, 293673 | 2181, 2181 | 121038, 121038 | 44521, 44521 | 383621, 383621 | 140617, 140617 | 113814, 113814 | 517755, 517755 | 6477, 6477 | 20655, 20655 | 444761, 444761 | 347, 347 | 2, 2 | 1201, 1201 | 3797, 3797 | 168768, 168768 | 23450, 23450 | 3245, 3245 | 452, 452 | 121811, 121811 | 1830, 1830 | 46519, 46519 | 33283, 33283 | 253838, 253838 | 225948, 225948 | 86392, 86392 | 8386, 8386 | 80842, 80842 | 2875000, 2875000 | 450, 450 | 25000, 25000 | 15393, 15393 | 325000, 325000 | 741139, 741139 | 66667, 66667 | 38600, 38600 | 876, 876 | 3688, 3688","1999_27, 2003_31, 2020_29, 2020_53, 2020_86, 2020_87, 2020_97, 2020_115, 2020_117, 2020_146, 2020_147, 2021_23, 2021_30, 2021_37, 2021_38, 2021_53, 2021_61, 2021_63, 2021_71, 2021_72, 2021_82, 2021_85, 2021_87, 2021_88, 2021_97, 2021_105, 2021_108, 2021_115, 2021_117, 2021_123, 2021_146, 2004_23, 2004_30, 2004_64, 2006_44, 2006_53, 2006_108, 2007_5, 2007_52, 2007_108, 2008_15"
change in net position,"4762772, 4762772 | (150892), (150892) | (440058), (440058) | (1331053), (1331053) | (112230), (112230) | 783478, 783478 | (5258755), (5258755) | (195532), (195532) | (1539252), (1539252) | (2206894), (2206894) | 35386226, 35386226 | 8819465, 8819465 | 5898277, 5898277 | 1646502, 1646502 | (12869524), (12869524) | 2346437, 2346437 | 435129, 435129 | (3596967), (3596967) | 1804147, 1804147 | 2697433, 2697433 | 58108244, 58108244 | 3974047, 3974047 | 455503, 455503 | (2383598), (2383598) | 164680, 164680 | 421932, 421932 | (821339), (821339) | 1579493, 1579493 | 6059478, 6059478 | (1979174), (1979174) | 44788520, 44788520 | 4546098, 4546098 | 4303739, 4303739 | 179118, 179118 | 79753, 79753 | 1163240, 1163240 | 7155344, 7155344 | (721297), (721297) | 9869853, 9869853 | 5809965, 5809965 | 666243, 666243","2020_1, 2020_4, 2020_5, 2020_9, 2020_13, 2020_21, 2020_23, 2020_24, 2020_27, 2020_29, 2020_30, 2020_33, 2020_34, 2020_35, 2020_37, 2020_38, 2020_42, 2020_43, 2020_45, 2020_48, 2020_52, 2020_53, 2020_54, 2020_55, 2020_56, 2020_57, 2020_58, 2020_60, 2020_61, 2020_62, 2020_63, 2020_64, 2020_65, 2020_66, 2020_67, 2020_68, 2020_69, 2020_70, 2020_71, 2020_72, 2020_73"
total expenditures,"601305 | 764236, 617082 | 1114656 | 561386, 291175 | 310371, 322531 | 12831118, 2344547 | 14124305 | 1701970, 9776 | 945602, 1025431 | 5710461, 4748836 | 315068, 310371 | 756548, 673850 | 1372338, 945602 | 315547, 3962076 | 905940, 11813968 | 18543401, 2112 | 744383, 640858 | 305132, 315068 | 5823103, 1993949 | 351042, 366777 | 349461, 693104 | 1272466, 1149068 | 82390798 | 310821, 316047 | 3328317, 14060289 | 442125, 385775 | 6063917, 27826742 | 769948, 715523 | 307118, 310140 | 614972, 544878 | 4087674, 1876843 | 2749569, 3426436 | 161535, 14129 | 151351, 936414 | 228394, 130218 | 660421, 654606 | 408329, 350000 | 100439, 819 | 422254, (110000), 312254 | 348907, (140000), 208907 | 101644265, (23926854), T7717411","1997_42, 1997_15, 1997_13, 1997_36, 1997_41, 1997_45, 1997_44, 1998_9, 1998_16, 1998_31, 1998_41, 1999_15, 1999_16, 1999_27, 1999_28, 1999_30, 1999_36, 1999_41, 1999_45, 2001_9, 2001_13, 2001_15, 2001_14, 2001_18, 2001_23, 2001_27, 2001_30, 2001_36, 2001_41, 2001_42, 2001_45, 2001_44, 2001_54, 2001_57, 2001_58, 2001_61, 2001_65, 2001_73, 2002_13, 2002_9, 2002_14"
fund balance/net assets:,,"2002_1, 2002_3, 2002_5, 2002_4, 2002_6, 2002_2, 2002_8, 2002_7, 2002_13, 2002_11, 2002_9, 2002_18, 2002_17, 2002_20, 2002_22, 2002_23, 2002_21, 2002_24, 2002_26, 2002_27, 2002_28, 2002_25, 2002_29, 2002_30, 2002_32, 2002_15, 2002_33, 2002_35, 2002_36, 2002_37, 2002_38, 2002_39, 2002_40, 2002_41, 2002_42, 2002_43, 2002_44, 2002_45, 2002_46, 2002_47, 2002_48"
other financing uses:,,"2002_3, 2002_5, 2002_19, 2002_20, 2002_27, 2002_25, 2002_36, 2002_42, 2002_100, 2003_20, 2003_32, 2003_44, 2020_1, 2020_4, 2020_5, 2020_23, 2020_24, 2020_27, 2020_29, 2020_37, 2020_38, 2020_48, 2020_52, 2020_53, 2020_54, 2020_63, 2020_64, 2020_67, 2020_70, 2020_74, 2020_75, 2020_77, 2020_82, 2020_83, 2020_84, 2020_85, 2020_86, 2020_87, 2020_89, 2020_90, 2020_91"
financing uses over revenues,"(776193), 776193 | (659812), 659812 | (270876), 270876 | (5333289), 5333289 | (221947), 221947 | (673747), 673747 | (2514246), 2514246 | (6667384), 6667384 | (1765541), 1765541 | (1083913), 1083913 | (53885), 53885 | (8826048), 8826048 | (1473172), 1473172 | (76627), 76627 | (10953291), 10953291 | (69207), 69207 | (175376), 175376 | (61682769), 61682769 | (9457766), 9457766 | (872189), 872189 | (39458028), 39458028, 7 | (49197052), 49197052 | (20794629), 20794629 | (9373552), 9373552 | (47628946), 47628946 | (123941), 123941 | (1124301), 1124301 | (15223378), 15223378 | (1330894), 1330894 | (704959), 704959 | (1415582), 1415582 | (291697), 291697 | (230066), 230066 | (8511), 8511 | (165556), 165556 | (290743), 290743 | (47550), 47550 | (28552), 28552 | (617515), 617515 | (733044), 733044 | (20399), 20399","2002_3, 2002_19, 2020_5, 2020_23, 2020_24, 2020_27, 2020_29, 2020_37, 2020_53, 2020_70, 2020_74, 2020_86, 2020_90, 2020_91, 2020_94, 2020_101, 2020_113, 2020_180, 2021_1, 2021_29, 2021_30, 2021_33, 2021_34, 2021_35, 2021_37, 2021_58, 2021_70, 2021_72, 2021_85, 2021_91, 2021_96, 2021_107, 2021_119, 2021_180, 2003_101, 2004_44, 2005_16, 2005_44, 2005_54, 2006_23, 2006_44"
expenditures,,"1997_42, 1997_1, 1997_2, 1997_3, 1997_4, 1997_8, 1997_9, 1997_15, 1997_17, 1997_19, 1997_13, 1997_20, 1997_23, 1997_25, 1997_22, 1997_26, 1997_29, 1997_28, 1997_32, 1997_36, 1997_37, 1997_40, 1997_39, 1997_41, 1997_45, 1997_46, 1997_47, 1997_43, 1997_44, 1998_1, 1998_2, 1998_4, 1998_8, 1998_9, 1998_11, 1998_16, 1998_19, 1998_20, 1998_25, 1998_31, 1998_37"
excess of revenues over expenditures,"178600, (178600) | 103807, (32585), 71222 | 304167, (180353), 123814 | 46901, (46901) | 103173, (103173) | 40485, (40485) | 398996, (398996) | 31699, (31699) | 56167, (56167) | 100188, (658), 99530 | 231187, (231187) | 339709, (50397), 289312 | 596090, (596090) | 34926, (34926) | 525686, (525686) | 655122, (655122) | 1633216, (1633216) | 213441, (21972), 191469 | 216646, (216646) | 525253, (525253) | 3589979, (3589979) | 2039824, 212564, 2252388 | 1110914, (1110914) | 89926, (89926) | 1575026, 599576, 2174602 | 2804315, (2804315) | 379050, (379050) | 324984, (324984) | 770256, (770256) | 135616, (135616) | 509601, (509601) | 335715, (335715) | 2414270, (2414270) | 2445836, (2445836) | 740020, (740020) | 443057, (443057) | 134609, (134609) | 173647, (173647) | 624265, (624265) | 765282, (765282) | 252564, (252564)","2002_1, 2002_3, 2002_5, 2002_4, 2002_8, 2002_7, 2002_11, 2002_9, 2002_18, 2002_19, 2002_17, 2002_20, 2002_22, 2002_23, 2002_21, 2002_24, 2002_26, 2002_25, 2002_29, 2002_30, 2002_32, 2002_15, 2002_33, 2002_35, 2002_36, 2002_37, 2002_40, 2002_41, 2002_43, 2002_46, 2002_47, 2002_49, 2002_52, 2002_53, 2002_54, 2002_55, 2002_56, 2002_58, 2002_59, 2002_60, 2002_61"
excess of revenues and other financing sources,,"2002_13, 2002_15, 2020_76, 2020_109, 2020_110, 2020_157, 2021_23, 2021_95, 2021_109, 2003_86, 2003_116, 2007_75, 2007_95, 2009_30, 2010_37, 2010_87, 2012_29, 2012_121, 2012_154, 2013_30, 2013_84, 2013_86, 2014_147, 2015_143, 2016_64, 2016_69, 2016_103, 2017_61, 2017_64, 2017_75, 2017_81, 2017_95, 2017_103, 2018_61, 2018_85, 2018_92, 2019_33, 2019_37, 2019_63, 2019_75, 2019_74"
excess of revenues and other financing,"1529156, (1529156)","2002_84, 2002_87, 2002_93, 2002_95, 2003_13, 2003_36, 2003_45, 2020_57, 2020_61, 2020_79, 2020_88, 2020_97, 2020_115, 2020_134, 2020_143, 2020_149, 2020_161, 2020_166, 2020_183, 2020_184, 2003_75, 2021_64, 2021_97, 2021_115, 2021_134, 2021_146, 2021_156, 2021_157, 2021_161, 2021_163, 2021_166, 2003_81, 2021_182, 2021_183, 2021_184, 2003_85, 2003_108, 2004_13, 2004_53, 2004_106, 2004_115"
revenues,,"1997_42, 1997_1, 1997_2, 1997_3, 1997_4, 1997_8, 1997_9, 1997_15, 1997_17, 1997_19, 1997_13, 1997_20, 1997_23, 1997_25, 1997_22, 1997_26, 1997_27, 1997_29, 1997_28, 1997_32, 1997_36, 1997_37, 1997_40, 1997_39, 1997_41, 1997_45, 1997_46, 1997_47, 1997_43, 1997_44, 1998_1, 1998_2, 1998_4, 1998_8, 1998_9, 1998_11, 1998_16, 1998_19, 1998_20, 1998_25, 1998_31"
operating transfers in (note 3),"1359557 | 260283, 245483 | 1000000 | 277486, 277486 | 270986, 270986 | 1811000, 1811000 | 481259, 481259 | 25592920, 25592920 | 1000000, 1000000 | 28011956, 28011956 | 15289335, 15289335 | 21000000, 21000000 | 18358463, 18358463 | 379717, 379717 | 348762, 348762 | 223355, 223355 | 90000, 90000 | 598857, 598857 | 1108149, 1108149 | 2646998, 2646998 | 342551, 342551 | 518497, 518497 | 246730, 246730 | 853000, 853000 | 2883720, 2883720 | 288449, 288449 | 2000000, 2000000 | 6381356, 6381356 | 1256363, 1256363 | 2870121, 2870121 | 7411497, 7411497 | 2658502, 2658502 | 1338363, 1338363 | 287963, 287963 | 3310952, 3310952 | 314417, 314417 | 1203854, 1203854 | 4217095, 4217095 | 1514944, 1514944 | 950000, 950000 | 143578, 143578","1997_13, 2001_13, 2001_30, 2002_13, 2003_13, 2003_36, 2003_45, 2020_13, 2020_58, 2020_157, 2021_13, 2021_23, 2021_109, 2004_13, 2004_45, 2005_13, 2005_27, 2005_45, 2005_75, 2005_115, 2006_13, 2006_27, 2006_45, 2006_57, 2006_75, 2007_13, 2007_45, 2007_60, 2007_71, 2007_77, 2007_86, 2007_97, 2007_146, 2008_13, 2008_60, 2008_71, 2008_77, 2008_86, 2008_97, 2008_144, 2009_13"
property tax,"685212, 571461 | 1194 | 37572 | 98106 | 33 | 150646 | 154712 | 650 | 94562 | 117224 | 166670 | 431983 | 12301 | 173246 | 766169, 13022 | 935440 | 957120, 310194 | 141659 | 200664 | 909 | 259326, 245610 | 209863 | 94884, 37572 | 16984, 3330 | 161159, 150646 | 47228 | 1107102, 989067 | 107324, 94562 | 240279, 256051 | 161094, 166670 | 5407984, 3798562 | 161643, 200664 | 329862, 356739 | 748 | 38932, 29682 | 102225, 94884 | 1535686, 1007369 | 936753, 1107102 | 126058, 107324 | 138562 | 244086, 161094","1997_42, 1997_1, 1997_2, 1997_3, 1997_4, 1997_8, 1997_9, 1997_17, 1997_19, 1997_23, 1997_25, 1997_22, 1997_27, 1997_29, 1997_28, 1997_32, 1997_36, 1997_40, 1997_39, 1997_46, 1997_47, 1997_43, 1998_2, 1998_4, 1998_8, 1998_11, 1998_16, 1998_19, 1998_20, 1998_25, 1998_31, 1998_39, 1998_41, 1998_46, 1999_1, 1999_2, 1999_15, 1999_16, 1999_19, 1999_24, 1999_25"
excess of expenditures over revenues,"(381277), 381277 | (49285), 49285 | (144831), 160452, 15621 | (148865), 316512, 167647 | (46385), 46385 | (109941), 109941 | (461856), 461856 | (40606), 259283, 218677 | (144461), 144461 | (1504123), 1504123 | (260411), 260411 | (61868), 61868 | (146593), 146593 | (896552), (11217), (907769) | (1245602), 456747, 788855 | 432518, (432518) | (90636), 90636 | (505535), 505535 | (24993), 24993 | (15579), 15579 | (126538), 126538 | (95819), 1218064, 1122245 | (122457), 122457 | (357395), 357395 | (1559046), 1559046 | (23357513), 237252, (23120261) | (110947), 26415, (84532) | (1631128), 1631128 | (2592172), 2592172 | (2472759), 394691, (2078068) | (1929304), 1929304 | (8156709), 12026562, 3869853 | 136081, (104491), 31590 | (9792404), 18617235, 8824831 | (1210763), 1210763 | (722098), 2536456, 1814358 | (2114866), 2114866 | (36296436), 1277671, (35018765) | (11641878), 547978, (11093900) | (9885556), 15711006, 5825450 | (1723372), 1723372","2002_6, 2002_2, 2002_13, 2002_27, 2002_28, 2002_38, 2002_39, 2002_42, 2002_44, 2002_45, 2002_48, 2002_57, 2002_73, 2002_93, 2002_95, 2002_104, 2003_17, 2003_15, 2003_18, 2003_27, 2003_46, 2003_45, 2003_49, 2003_56, 2020_9, 2020_13, 2020_24, 2020_43, 2020_55, 2020_57, 2020_62, 2020_71, 2003_67, 2020_88, 2020_93, 2020_97, 2020_105, 2020_109, 2020_110, 2020_115, 2020_117"
revenues over expenditures,"191797, 621240 | 53899 | 36710 | 98284 | 325 | 177397 | 154819 | 306436, 522290 | 635 | 94481 | 464640, 468237 | 114359 | 170568 | 482745 | 431575 | 11999 | 134160 | 528386, 80971 | 92089 | 524258, 480464 | 888 | 194605, 3704 | 202544 | 56798, 36710 | 16667, 3254 | 46007 | 281025, 72552 | 104833, 94481 | 424687, 464640 | 172602, 170568 | 165765, 195929 | 478389, 524258 | 767, 888 | 6316, 56798 | 1924975, 775527 | 124556, 104833 | 135661 | 573785, 465708 | 248785, 172602 | 521837, 414507 | 2762579, 1364420","1997_42, 1997_1, 1997_2, 1997_3, 1997_4, 1997_8, 1997_9, 1997_15, 1997_17, 1997_19, 1997_20, 1997_23, 1997_25, 1997_22, 1997_26, 1997_27, 1997_29, 1997_36, 1997_40, 1997_41, 1997_46, 1997_47, 1997_43, 1998_2, 1998_4, 1998_11, 1998_16, 1998_19, 1998_20, 1998_25, 1998_39, 1998_41, 1998_46, 1999_2, 1999_15, 1999_19, 1999_24, 1999_22, 1999_25, 1999_26, 1999_32"
excess of expenditures and other,"(1943824), 1943824","2002_3, 2002_19, 2020_5, 2020_23, 2020_24, 2020_27, 2020_29, 2020_37, 2020_53, 2020_70, 2020_74, 2020_86, 2020_90, 2020_91, 2020_94, 2020_101, 2020_113, 2020_180, 2021_1, 2021_29, 2021_30, 2021_33, 2021_34, 2021_35, 2021_37, 2021_58, 2021_70, 2021_72, 2021_85, 2021_91, 2021_96, 2021_107, 2021_119, 2021_180, 2003_101, 2004_44, 2005_16, 2005_44, 2005_54, 2006_23, 2006_44"
revenues:,en,"2001_14, 2002_1, 2002_3, 2002_5, 2002_4, 2002_6, 2002_2, 2002_8, 2002_7, 2002_13, 2002_11, 2002_9, 2002_14, 2002_18, 2002_19, 2002_17, 2002_20, 2002_22, 2002_23, 2002_21, 2002_24, 2002_26, 2002_27, 2002_28, 2002_25, 2002_29, 2002_30, 2002_32, 2002_15, 2002_33, 2002_35, 2002_36, 2002_37, 2002_38, 2002_39, 2002_40, 2002_41, 2002_42, 2002_43, 2002_44, 2002_45"
end of year,"1349576, 670103, 2019679 | 22214, 78928, 101142 | 353000, 1088376 | 149031, 145586, 294617 | 182468, 171282, 353750 | 69800, 129026, 198826 | 1239791, 729101, 1968892 | 338716, 24712, 363428 | (1004362), 462208 | 805864, 389449, 1195313 | 1713325, (181854) | 129779350, (206803194), (77023844) | 434096, (983904) | (11570), 128550, 116980 | 338027, 237000, 575027 | 1226934, 220000, 1446934 | 1887246, 554428, 2441674 | 4106890, (14855805), (10748915) | 2108958, 553731, 2662689 | 1436787, 584715, 2021502 | 1675918, 85814675 | 710366, (3617037), (2906671) | 1957720, (8118694) | 791023, 213000, 1004023 | 1102216, 226092, 1328308 | 15857113, (50379337), (34522224) | 21615797, (4788247, 16827550 | 27440308, (16307407), 11132901 | 4692262, 1495977 | 224799, 90977, 315776 | 1538857, (4106089), (2567232) | 9751054, 3, 13445657 | 139401, 459830, 599231 | 999000, 1817102 | 2384296, 539340, 2923636 | 2745903, (513777), 2232126 | 1102379°, (4340375), (3237996) | 3846567, 899968, 4746535 | 8415508, (9903794), (1488286) | 13640164, (2414681) | 373305, 46599, 419904","2002_1, 2002_3, 2002_5, 2002_4, 2002_6, 2002_2, 2002_8, 2002_7, 2002_13, 2002_11, 2002_9, 2002_14, 2002_18, 2002_19, 2002_17, 2002_20, 2002_22, 2002_23, 2002_21, 2002_24, 2002_26, 2002_27, 2002_28, 2002_25, 2002_29, 2002_30, 2002_32, 2002_15, 2002_33, 2002_35, 2002_36, 2002_37, 2002_38, 2002_39, 2002_40, 2002_41, 2002_42, 2002_43, 2002_44, 2002_45, 2002_46"
economic development projects,"2835033, 2835033 | 198658, 198658 | 8990, 8990 | 3209545, 3209545 | 26409499, 26409499 | 138895, 138895 | 4206746, 4206746 | 792818, 792818 | 726354, 726354 | 709526, 709526 | 3935581, 3935581 | 831809, 831809 | 1093200, 1093200 | 675163, 675163 | 20583069, 20583069 | 335014, 335014 | 816424, 816424 | 4423650, 4423650 | 799474, 799474 | 2029771, 2029771 | 11665311, 11665311 | 4276145, 4276145 | 2322128, 2322128 | 6939239, 6939239 | 1167533, 1167533 | 4039538, 4039538 | 1110320, 1110320 | 3072127, 3072127 | 4280179, 4280179 | 4289859, 4289859 | 5658501, 5658501 | 1177830, 1177830 | 382695, 382695 | 998845, 998845 | 117147, 117147 | 5942799, 5942799 | 1003295, 1003295 | 355904, 355904 | 2370429, 2370429 | 2759907, 2759907 | 455422","2020_1, 2020_4, 2020_5, 2020_9, 2020_13, 2020_21, 2020_23, 2020_24, 2020_27, 2020_29, 2020_30, 2020_33, 2020_34, 2020_35, 2020_37, 2020_38, 2020_42, 2020_43, 2020_45, 2020_48, 2020_52, 2020_53, 2020_54, 2020_55, 2020_56, 2020_57, 2020_58, 2020_60, 2020_61, 2020_62, 2020_63, 2020_64, 2020_65, 2020_66, 2020_67, 2020_68, 2020_69, 2020_70, 2020_71, 2020_72, 2020_73"
"fund balance, beginning of year","1391928, 770688 | 1669 | 60921 | 745780 | 204919 | 3128480, 2606190 | 50704 | 1721529, 1253292 | 196473 | 454583 | 1100862 | 440069 | 294621, 1774475 | 2353667 | 2532647, 1016676 | 399522 | 2447497, 1967033 | 10686492, 11037543 | 91189, 87485 | 5300356, 5928172 | 1797517 | 38379, 1669 | 3254 | 359738, 204919 | 1747120, 1674568 | 145185, 50704 | 826612, 1721529 | 367041, 196473 | 11421764, 11716976 | 23209374 | 195929 | 2971755, 2447497 | 888 | 257168, 1797517 | 95177, 38379 | 4210443, 3434916 | 2028145, 2747120 | 250018, 145185 | 1403036, 937328 | 539643, 367041 | 528356, 11999","1997_42, 1997_1, 1997_2, 1997_3, 1997_4, 1997_8, 1997_9, 1997_15, 1997_17, 1997_19, 1997_13, 1997_20, 1997_23, 1997_25, 1997_22, 1997_26, 1997_27, 1997_29, 1997_28, 1997_32, 1997_36, 1997_37, 1997_40, 1997_39, 1997_41, 1997_45, 1997_46, 1997_47, 1997_43, 1997_44, 1998_1, 1998_2, 1998_4, 1998_9, 1998_11, 1998_16, 1998_19, 1998_20, 1998_25, 1998_31, 1998_37"
sources over expenditures,"407200, 37784 | 1901054, (1901054) | 1854516, (1854516) | 303448, (303448) | 3654398, (3654398) | 404653, (404653) | 3571455, (3571455) | 385440, (385440) | 27241, (27241) | 5892355, (5892355) | 5975369, (5975369) | 4711113, (4711113) | 1022902, (1022902) | 774779, (774779) | 788739, (788739) | 1389884, (1389884) | 4472225, (4472225) | 93527, (93527) | 1362620, (1362620) | 3727526, (3727526) | 3986633, (3986633) | 1343221, (1343221) | 16974647, (16974647) | 3031351, (3031351) | 9597108, (9597108) | 491186, (491186) | 2618953, (2618953) | 2477661, (2477661) | 1650035, (1650035) | 480806, (480806) | 5184405, (5184405) | 1872839, (1872839) | 1457128, (1457128) | 584630, (584630) | 65052001, (65052001) | 52657058, (52657058) | 3932340, (3932340) | 1538350, (1538350) | 758918, (758918) | 37019779, (37019779) | 2639715, (2639715)","2001_73, 2002_84, 2002_87, 2002_93, 2002_95, 2003_13, 2003_36, 2003_45, 2020_57, 2020_61, 2020_79, 2020_88, 2020_97, 2020_115, 2020_134, 2020_143, 2020_149, 2020_161, 2020_166, 2020_183, 2020_184, 2003_75, 2021_64, 2021_97, 2021_115, 2021_134, 2021_146, 2021_156, 2021_157, 2021_161, 2021_163, 2021_166, 2003_81, 2021_182, 2021_183, 2021_184, 2003_85, 2003_108, 2004_13, 2004_53, 2004_106"
"fund balance, end of year","1613725, 1391928 | 1797517 | 38379 | 159205 | 3254 | 923177 | 359738 | 3434916, 3128480 | 145185 | 2OLS, 1721529 | 114359 | 367042 | 937328 | 11999 | 574229 | 498415, 294621 | 2319618 | 3061033, 2532647 | 491611 | 195929 | 686492 | 888 | 285794, 21189 | 727544 | 6875457, 5300356 | 95177, 38379 | 19921, 3254 | 738 | 46007 | 145, ii747129 | 250018, 145185 | 254206, 826612 | 539643, 367041 | 11744265 | 25806466, 23209374 | 3450144, 2971755 | 1655, 888 | 232179, 257168 | 101493, 95177 | 6135418, 4210443 | 1669346, 2028145","1997_42, 1997_1, 1997_2, 1997_3, 1997_4, 1997_8, 1997_9, 1997_15, 1997_17, 1997_19, 1997_13, 1997_20, 1997_23, 1997_25, 1997_22, 1997_26, 1997_27, 1997_29, 1997_28, 1997_32, 1997_36, 1997_37, 1997_40, 1997_39, 1997_41, 1997_45, 1997_46, 1997_47, 1997_43, 1997_44, 1998_2, 1998_4, 1998_9, 1998_11, 1998_16, 1998_19, 1998_20, 1998_25, 1998_31, 1998_37, 1998_39"
surplus distribution (note 2),"(91000), (91000) | (2584889), (2584889) | (9183000), (9183000) | (111000), (111000) | (10000), (10000) | (5109000), (5109000) | (14548000), (14548000) | (2496000), (2496000) | (8274000), (8274000) | (2496000), (2496000) | (3822000), (3822000) | (325000), (325000) | (5217000), (5217000) | (1521000), (1521000) | (1907000), (1907000) | (828000), (828000) | (97000), (97000) | (3613000), (3613000) | (3495000), (3495000) | (36992000), (36992000) | (2036769), (2036769) | (848000), (848000) | (45000000), (45000000) | (67000), (67000) | (7529000), (7529000) | (21124000), (21124000) | (944000), (944000) | (74000), (74000) | (75000), (75000) | (1086000), (1086000) | (201000), (201000) | (100000000), (100000000) | (51000), (51000) | (284000), (284000) | (50000), (50000) | (3124244), (3124244) | (9367052), (9367052) | (366918), (366918) | (4412537), (4412537) | (68858463), (68858463) | (6942178), (6942178)","2020_4, 2020_13, 2020_23, 2020_24, 2020_27, 2020_29, 2020_37, 2020_38, 2020_48, 2020_58, 2020_63, 2020_67, 2020_70, 2020_74, 2020_77, 2020_82, 2020_83, 2020_84, 2020_85, 2020_86, 2020_90, 2020_91, 2020_94, 2020_98, 2020_101, 2020_104, 2020_112, 2020_116, 2020_119, 2020_121, 2020_136, 2020_147, 2020_153, 2020_157, 2020_173, 2021_13, 2021_23, 2021_24, 2021_29, 2021_30, 2021_37"
debt service:,,"2002_13, 2002_9, 2002_14, 2002_18, 2002_23, 2002_27, 2002_28, 2002_30, 2002_32, 2002_15, 2002_36, 2002_41, 2002_42, 2002_44, 2002_45, 2002_54, 2002_57, 2002_58, 2002_61, 2002_65, 2002_69, 2002_73, 2002_84, 2002_87, 2002_88, 2002_93, 2002_95, 2003_9, 2003_13, 2003_15, 2003_18, 2003_23, 2003_28, 2003_27, 2003_31, 2003_30, 2003_32, 2003_36, 2003_41, 2003_42, 2003_44"
fund balance/net assets (deficiency):,,"2003_18, 2003_23, 2003_28, 2003_27, 2003_31, 2003_30, 2003_42, 2003_44, 2003_45, 2004_18, 2004_23, 2004_27, 2004_28, 2004_30, 2004_31, 2004_42, 2004_44, 2004_45, 2005_23, 2005_18, 2005_28, 2005_30, 2005_27, 2005_42, 2005_44, 2005_45, 2006_18, 2006_23, 2006_28, 2006_27, 2006_42, 2007_18, 2007_23, 2007_28, 2007_30, 2007_27, 2007_42, 2007_75, 2007_88, 2007_115, 2007_144"
principal retirement,"20000 | 200000, 175000 | 485000 | 100000, 90000 | 9900000, 500000 | 12700000 | 20000 | 250000, 230000 | 110000, 100000 | 275000, 225000 | 270000, 250000 | 230000, 10385000 | 160000, 60000 | 120000, 110000 | 500000 | 130000, 90000 | 40000, 75000 | 375000, 325000 | 18100000, 16800000 | 125000, 115000 | 115000, 55000 | 240000, 165000 | 150000, 135000 | 150000, 80000 | 700000, 600000 | 800000, 700000 | 50000 | 25000 | 95000 | 570000 | 320000 | 34761 | 110000, (110000) | 140000, (140000) | 28300000, (28300000) | 140000, (140000) | 130000, (130000) | 120000, (120000) | 325000, (325000) | 780000, (780000) | 250000, (250000)","1997_42, 1997_15, 1997_28, 1997_41, 1997_45, 1997_44, 1998_9, 1998_16, 1998_41, 1999_15, 1999_16, 1999_28, 1999_36, 1999_41, 1999_45, 2001_9, 2001_13, 2001_15, 2001_14, 2001_18, 2001_27, 2001_36, 2001_41, 2001_42, 2001_45, 2001_44, 2001_54, 2001_57, 2001_58, 2001_61, 2001_65, 2001_73, 2002_13, 2002_9, 2002_14, 2002_18, 2002_23, 2002_27, 2002_28, 2002_32, 2002_36"
expenditures/expenses:,,"2002_1, 2002_3, 2002_5, 2002_4, 2002_6, 2002_2, 2002_8, 2002_7, 2002_13, 2002_11, 2002_9, 2002_18, 2002_19, 2002_17, 2002_20, 2002_22, 2002_23, 2002_21, 2002_24, 2002_26, 2002_27, 2002_28, 2002_25, 2002_29, 2002_30, 2002_32, 2002_15, 2002_33, 2002_35, 2002_36, 2002_37, 2002_38, 2002_39, 2002_40, 2002_41, 2002_42, 2002_43, 2002_44, 2002_45, 2002_46, 2002_47"
fund balance/net position (deficiency):,,"2020_146, 2021_146, 2013_28, 2013_60, 2013_71, 2013_75, 2013_77, 2013_88, 2013_97, 2013_115, 2013_146, 2014_28, 2014_60, 2014_77, 2014_75, 2014_88, 2014_97, 2014_87, 2014_117, 2014_115, 2014_146, 2015_60, 2015_71, 2015_75, 2015_77, 2015_88, 2015_87, 2015_97, 2015_117, 2015_115, 2015_146, 2016_60, 2016_71, 2016_75, 2016_77, 2016_88, 2016_87, 2016_97, 2016_117, 2016_115, 2016_146"
over expenditures and other financing uses,"221797, 621240 | 17135717, (17135717) | 1723851, (1723851) | 4827425, (4827425) | 928153, (928153) | 348997, (348997) | 19373341, (19373341) | 16504205, (16504205) | 5973294, (5973294) | 31629369, (31629369) | 32861576, (32861576) | 5638174, (5638174) | 7265538, (7265538) | 22935360, (22935360) | 2413362, (2413362) | 746405, (746405) | 268839, (268839) | 3864838, (3864838) | 3827754, (3827754) | 12225189, (12225189) | 16678379, (16678379) | 1700028, (1700028) | 1424650, (1424650) | 239352, (239352) | 4168845, (4168845) | 5054974, (5054974) | 1756529, (1756529) | 375146, (375146) | 84742, (84742) | 2711623, (2711623) | 1413008, (1413008) | 3923752, (3923752) | 4789560, (4789560) | 1230085, (1230085) | 22145559, (22145559) | 7022467, (7022467) | 7188964, (7188964) | 1639741, (1639741) | 2036555, (2036555) | 176625, (176625) | 3866349, (3866349)","1997_42, 2002_15, 2020_76, 2020_109, 2020_110, 2020_157, 2021_23, 2021_95, 2021_109, 2007_75, 2007_95, 2009_30, 2010_37, 2010_87, 2012_29, 2012_121, 2012_154, 2013_30, 2013_84, 2013_86, 2014_147, 2015_143, 2016_64, 2016_69, 2016_103, 2017_61, 2017_64, 2017_75, 2017_81, 2017_95, 2017_103, 2018_61, 2018_85, 2018_92, 2019_33, 2019_37, 2019_63, 2019_75, 2019_74, 2019_142, 2022_109"
fund balance/net position:,,"2020_1, 2020_4, 2020_5, 2020_9, 2020_13, 2020_21, 2020_23, 2020_24, 2020_27, 2020_29, 2020_30, 2020_33, 2020_34, 2020_35, 2020_37, 2020_38, 2020_42, 2020_43, 2020_45, 2020_48, 2020_52, 2020_53, 2020_54, 2020_55, 2020_56, 2020_57, 2020_58, 2020_60, 2020_61, 2020_62, 2020_63, 2020_64, 2020_65, 2020_66, 2020_67, 2020_68, 2020_69, 2020_70, 2020_71, 2020_72, 2020_73"
interest,"107890, 49779 | 86936 | 388 | 3405 | 40505 | 9883 | 174027, 174356 | 3029 | 36867 | 81083, 44511 | 989 | 9380 | 64971 | 55664 | 103 | 26247 | 17406, 10364 | 127671 | 132652, 61952 | 24188 | 1865 | 112099, 108991 | 861207, 514080 | 3942, 7341 | 8333 | 289 | 72659, 86936 | 2155, 388 | 260, 31 | 41302, 40505 | 83798, 9883 | 378 | 119525, 108916 | 7007, 3029 | 69482, 81083 | 16961, 9380 | 624978, 655062 | 947784, 271367 | 9594, 1865 | 119084, 112999 | 44","1997_42, 1997_1, 1997_2, 1997_3, 1997_4, 1997_8, 1997_9, 1997_15, 1997_17, 1997_19, 1997_13, 1997_20, 1997_23, 1997_25, 1997_22, 1997_26, 1997_27, 1997_29, 1997_28, 1997_32, 1997_36, 1997_40, 1997_39, 1997_41, 1997_45, 1997_46, 1997_47, 1997_43, 1997_44, 1998_1, 1998_2, 1998_4, 1998_8, 1998_9, 1998_11, 1998_16, 1998_19, 1998_20, 1998_25, 1998_31, 1998_37"
operating transfers in (note 4),"6000000, 6000000 | 1745000, 1745000 | 10660335, 10660335 | 3713311, 3713311 | 1656159, 1656159 | 5036857, 5036857 | 3076677, 3076677 | 4599799, 4599799 | 983720, 983720 | 5796217, 5796217 | 2246349, 2246349 | 5265294 | 2105844, 2105844 | 6211282, 6211282 | 2500000, 2500000 | 10000000, 10000000 | 5141826, 5141826 | 2631737, 2631737 | 4493782, 4493782 | 831913, 831913 | 520790, 520790 | 5169673, 7, 5169673 | 175092, 175092 | 9690189, 9690189 | 1907049, 1907049 | 5566982, 5566982 | 2059692, 2059692 | 4492816, 4492816 | 831349, 831349 | 2250000, 2250000 | 3003134, 3003134 | 7931473, 7931473 | 1940921, 1940921 | 5565642, 5565642 | 2059694, 2059694 | 13954017, 13954017 | 18026466, 18026466 | 1968193, 1968193 | 1000000, 1000000 | 1010306, 1010306 | 2106384, 2106384","2020_71, 2020_97, 2020_115, 2020_146, 2021_97, 2021_115, 2021_146, 2007_75, 2007_95, 2007_115, 2008_75, 2008_115, 2009_75, 2009_115, 2013_30, 2014_23, 2016_60, 2016_71, 2016_75, 2016_77, 2016_95, 2016_97, 2016_117, 2016_115, 2016_146, 2017_60, 2017_71, 2017_75, 2017_77, 2017_95, 2017_97, 2017_115, 2017_146, 2018_60, 2018_71, 2018_97, 2018_115, 2018_146, 2019_88, 2019_97, 2019_146"
